MarketClusterKey,ProductKey,TotalProfitInCluster,ProfitRankInCluster,CumulativeProfitPercent,ABC_Class
1,1,-5515.50,228,131.39,C
1,2,-6330.48,236,128.27,C
1,3,-2983.87,217,134.38,C
1,4,12066.19,26,104.79,C
1,5,-6110.47,234,129.08,C
1,6,-13239.79,250,119.36,C
1,7,-3030.11,219,133.99,C
1,8,-8981.57,242,125.29,C
1,9,141145.14,3,28.36,A
1,10,144822.72,2,19.22,A
1,11,130283.00,6,53.83,A
1,12,131012.48,5,45.40,A
1,13,132216.62,4,36.92,A
1,14,152063.99,1,9.84,A
1,15,7830.20,47,117.69,C
1,16,9961.21,33,109.66,C
1,17,8474.46,43,115.58,C
1,18,8722.26,41,114.48,C
1,19,16951.29,18,97.21,C
1,20,16375.10,20,99.35,C
1,21,11328.37,28,106.27,C
1,22,11496.03,27,105.53,C
1,23,2313.96,95,130.33,C
1,24,-629.79,200,136.16,C
1,25,1624.37,120,133.42,C
1,26,1833.12,108,132.06,C
1,27,1844.70,106,131.83,C
1,28,4544.21,63,123.65,C
1,29,3463.36,75,126.77,C
1,30,5799.82,54,120.71,C
1,31,4189.49,68,125.06,C
1,32,2443.07,91,129.72,C
1,33,8962.87,40,113.92,C
1,34,13575.25,24,103.16,C
1,35,17371.87,16,95.01,C
1,36,-17157.34,256,113.57,C
1,37,8969.19,39,113.34,C
1,38,16804.66,19,98.29,C
1,39,10164.52,32,109.02,C
1,40,13102.09,25,104.01,C
1,41,-570.78,199,136.20,C
1,42,1830.54,109,132.18,C
1,43,3203.72,78,127.40,C
1,44,-15520.70,255,114.68,C
1,45,-44151.16,261,103.06,C
1,46,-42217.95,260,105.92,C
1,47,-34209.31,259,108.65,C
1,48,-15074.59,254,115.69,C
1,49,-9798.15,244,124.07,C
1,50,-10919.61,245,123.36,C
1,51,-2803.26,216,134.57,C
1,52,8280.87,44,116.12,C
1,53,-12060.97,248,121.03,C
1,54,106366.16,8,68.56,A
1,55,89073.11,10,80.74,B
1,56,121214.54,7,61.68,A
1,57,99043.60,9,74.97,A
1,58,82277.26,11,86.07,B
1,59,-2988.83,218,134.18,C
1,60,-2622.00,215,134.75,C
1,61,-2622.00,214,134.92,C
1,62,-406.46,196,136.30,C
1,63,-5283.71,227,131.75,C
1,64,-1086.22,206,135.82,C
1,65,-20985.80,258,110.87,C
1,66,-14113.71,253,116.66,C
1,67,-47273.32,262,100.00,C
1,68,-13917.16,252,117.57,C
1,69,-6527.45,237,127.84,C
1,70,-12009.22,247,121.81,C
1,71,-4710.78,225,132.41,C
1,72,-195.30,193,136.37,C
1,73,-5836.47,230,130.64,C
1,74,-780.37,203,136.02,C
1,75,-20784.62,257,112.22,C
1,76,-749.15,202,136.07,C
1,77,-9104.89,243,124.70,C
1,78,4388.97,65,124.23,C
1,79,-13585.41,251,118.48,C
1,80,2038.83,104,131.58,C
1,81,38398.77,13,91.11,B
1,82,-12584.80,249,120.21,C
1,83,-3903.10,222,133.27,C
1,84,-1589.05,211,135.34,C
1,85,2468.48,89,129.40,C
1,86,-3864.47,221,133.52,C
1,87,-1015.60,205,135.89,C
1,88,-343.27,195,136.33,C
1,89,-109.93,192,136.38,C
1,90,-5984.23,232,129.86,C
1,91,18130.83,15,93.88,B
1,92,24697.03,14,92.71,B
1,93,39489.70,12,88.62,B
1,94,10455.31,31,108.36,C
1,95,8512.65,42,115.03,C
1,96,11138.65,29,106.99,C
1,97,848.42,146,135.57,C
1,98,50.33,176,136.38,C
1,99,385.64,164,136.25,C
1,100,1156.38,138,135.06,C
1,101,2237.11,97,130.62,C
1,102,1453.39,129,134.32,C
1,103,406.91,163,136.22,C
1,105,2470.59,88,129.24,C
1,106,589.51,153,135.90,C
1,108,2008.89,105,131.71,C
1,109,2325.91,94,130.18,C
1,110,564.85,156,136.01,C
1,111,479.14,159,136.11,C
1,112,2381.69,93,130.03,C
1,113,560.15,157,136.05,C
1,114,6001.90,53,120.33,C
1,115,2269.24,96,130.48,C
1,116,1231.57,134,134.75,C
1,117,1502.90,127,134.13,C
1,119,5340.10,58,122.13,C
1,120,138.70,170,136.35,C
1,121,3702.02,74,126.54,C
1,122,1751.15,114,132.76,C
1,123,1669.25,119,133.31,C
1,125,4587.41,61,123.06,C
1,126,3010.00,80,127.80,C
1,127,4547.61,62,123.36,C
1,129,2545.32,87,129.08,C
1,131,2791.07,86,128.92,C
1,132,5514.45,56,121.43,C
1,133,3093.59,79,127.60,C
1,134,468.72,160,136.14,C
1,135,3960.76,69,125.31,C
1,136,5460.72,57,121.78,C
1,137,981.62,143,135.40,C
1,138,1609.89,122,133.63,C
1,139,929.27,145,135.52,C
1,140,65.44,175,136.38,C
1,141,1618.79,121,133.52,C
1,142,830.13,148,135.68,C
1,143,179.86,169,136.34,C
1,144,1217.53,135,134.83,C
1,145,2799.93,85,128.74,C
1,146,2060.40,103,131.45,C
1,147,572.32,154,135.94,C
1,148,19.07,179,136.38,C
1,149,13.08,183,136.39,C
1,150,1162.18,136,134.91,C
1,151,423.17,162,136.20,C
1,152,590.80,152,135.86,C
1,153,1705.58,117,133.10,C
1,154,1440.09,130,134.41,C
1,155,1675.63,118,133.20,C
1,156,2084.63,101,131.18,C
1,157,101.06,171,136.36,C
1,158,-1305.36,207,135.73,C
1,160,-8451.83,241,125.87,C
1,161,-6007.79,233,129.47,C
1,163,-6243.57,235,128.67,C
1,164,-1531.58,209,135.54,C
1,166,-5947.01,231,130.25,C
1,169,-8113.45,240,126.42,C
1,170,-7118.50,239,126.95,C
1,171,-1746.15,212,135.23,C
1,174,-4013.90,223,133.01,C
1,175,-471.08,197,136.27,C
1,177,1734.04,116,132.98,C
1,178,1781.90,112,132.53,C
1,179,342.57,166,136.29,C
1,181,1759.81,113,132.65,C
1,182,1842.56,107,131.95,C
1,184,-970.80,204,135.95,C
1,185,85.63,172,136.36,C
1,188,-741.43,201,136.11,C
1,190,-6736.61,238,127.41,C
1,191,236.88,168,136.33,C
1,192,567.79,155,135.97,C
1,193,788.28,149,135.73,C
1,196,287.40,167,136.31,C
1,197,84.60,173,136.37,C
1,198,67.15,174,136.37,C
1,199,377.69,165,136.27,C
1,200,6.40,188,136.39,C
1,201,5.60,189,136.39,C
1,204,7.00,186,136.39,C
1,205,7.00,187,136.39,C
1,207,1.20,190,136.39,C
1,208,0.80,191,136.39,C
1,209,31.88,177,136.38,C
1,210,-479.55,198,136.24,C
1,211,9.03,185,136.39,C
1,212,9.63,184,136.39,C
1,213,28.88,178,136.38,C
1,214,14.42,181,136.39,C
1,215,13.24,182,136.39,C
1,216,-2079.43,213,135.09,C
1,217,-318.88,194,136.35,C
1,218,834.93,147,135.63,C
1,219,8231.70,45,116.65,C
1,220,10696.43,30,107.68,C
1,221,4372.44,66,124.51,C
1,222,1116.96,140,135.20,C
1,223,1782.42,111,132.42,C
1,225,1392.94,131,134.50,C
1,226,1597.74,123,133.73,C
1,227,2154.29,99,130.91,C
1,229,4959.72,59,122.45,C
1,230,9165.08,38,112.76,C
1,232,3739.72,72,126.06,C
1,233,6616.79,51,119.52,C
1,234,2952.72,82,128.18,C
1,235,-1538.39,210,135.44,C
1,236,3283.45,77,127.19,C
1,237,4496.32,64,123.94,C
1,238,2191.33,98,130.77,C
1,239,541.29,158,136.08,C
1,240,2842.73,84,128.56,C
1,241,3713.72,73,126.30,C
1,242,1069.22,141,135.27,C
1,243,-5814.86,229,131.01,C
1,244,-11988.32,246,122.59,C
1,245,-4564.65,224,132.72,C
1,246,-1420.72,208,135.64,C
1,247,732.58,150,135.78,C
1,248,-3294.54,220,133.77,C
1,249,-4968.67,226,132.09,C
1,250,9586.40,36,111.55,C
1,251,6440.13,52,119.94,C
1,252,9869.09,34,110.30,C
1,253,1506.93,126,134.03,C
1,254,3914.57,70,125.57,C
1,255,1338.46,132,134.59,C
1,257,428.97,161,136.17,C
1,258,16.12,180,136.39,C
1,259,1158.43,137,134.98,C
1,260,1479.75,128,134.22,C
1,261,6841.17,50,119.10,C
1,262,1560.69,125,133.93,C
1,263,7112.58,49,118.65,C
1,264,9779.55,35,110.93,C
1,265,5677.96,55,121.07,C
1,266,1828.50,110,132.30,C
1,267,17024.27,17,96.11,C
1,268,4877.10,60,122.77,C
1,269,3330.63,76,126.98,C
1,270,2939.19,83,128.37,C
1,271,1750.13,115,132.87,C
1,272,1561.24,124,133.83,C
1,273,7787.80,48,118.19,C
1,274,14772.85,23,102.28,C
1,275,15338.48,21,100.35,C
1,276,15141.95,22,101.33,C
1,277,9430.71,37,112.16,C
1,281,1329.41,133,134.67,C
1,283,1127.96,139,135.13,C
1,285,985.57,142,135.33,C
1,286,2111.56,100,131.04,C
1,287,954.07,144,135.46,C
1,288,640.27,151,135.82,C
1,289,2455.99,90,129.56,C
1,290,4280.35,67,124.79,C
1,291,8194.34,46,117.18,C
1,292,2434.87,92,129.88,C
1,293,2080.54,102,131.31,C
1,294,3897.78,71,125.82,C
1,295,2994.32,81,127.99,C
2,1,25293.13,29,77.28,A
2,2,14878.30,49,89.59,B
2,3,14878.31,48,89.12,B
2,4,8926.98,61,94.13,B
2,5,14768.90,50,90.05,B
2,6,16245.81,46,88.17,B
2,7,20676.49,35,81.52,B
2,8,10338.23,58,93.22,B
2,9,203121.14,4,25.95,A
2,10,176051.66,6,37.85,A
2,11,211354.04,1,6.67,A
2,12,204135.33,2,13.12,A
2,13,200694.33,5,32.29,A
2,14,203573.89,3,19.54,A
2,15,3568.15,102,101.01,C
2,16,4113.28,95,100.17,C
2,17,4162.85,93,99.91,C
2,18,2923.87,114,102.22,C
2,19,18491.45,45,87.66,B
2,20,19020.70,41,85.29,B
2,21,18910.60,42,85.89,B
2,22,18757.33,44,87.07,B
2,23,3684.30,101,100.90,C
2,24,1835.00,131,103.42,C
2,25,3697.72,100,100.78,C
2,26,3143.86,110,101.84,C
2,27,2403.37,119,102.64,C
2,28,4769.40,84,98.66,C
2,29,6231.79,71,96.46,C
2,30,5770.34,74,97.02,C
2,31,7575.57,65,95.15,C
2,32,4592.91,86,98.96,C
2,33,37016.76,24,72.96,A
2,34,37251.65,23,71.79,A
2,35,45207.55,21,69.22,A
2,36,28020.89,27,75.68,A
2,37,20672.24,36,82.18,B
2,38,19358.13,40,84.69,B
2,39,18821.84,43,86.48,B
2,40,21602.30,33,80.19,B
2,41,48913.59,17,63.34,A
2,42,48300.04,18,64.86,A
2,43,47551.37,19,66.37,A
2,44,68047.47,13,56.24,A
2,45,56780.66,16,61.80,A
2,46,57660.25,15,60.00,A
2,47,69988.59,12,54.09,A
2,48,61674.02,14,58.18,A
2,49,22929.40,32,79.51,A
2,50,23376.39,31,78.78,A
2,51,28240.82,26,74.79,A
2,52,25400.99,28,76.48,A
2,53,20008.85,38,83.45,B
2,54,98488.16,7,40.95,A
2,55,94267.21,8,43.93,A
2,56,87232.36,9,46.68,A
2,57,80197.48,11,51.88,A
2,58,84418.41,10,49.35,A
2,64,5514.26,77,97.54,C
2,65,1453.74,140,103.89,C
2,66,5034.83,81,98.20,C
2,67,-9611.05,250,102.69,C
2,68,4284.27,90,99.51,C
2,69,4941.93,82,98.36,C
2,70,5076.34,80,98.04,C
2,71,5915.97,73,96.84,C
2,72,4278.42,91,99.65,C
2,73,4001.01,97,100.42,C
2,74,5506.75,78,97.72,C
2,75,6535.73,70,96.26,C
2,76,1140.39,154,104.45,C
2,77,-9811.62,251,102.38,C
2,78,10982.63,57,92.89,B
2,79,-985.12,231,105.25,C
2,80,15069.17,47,88.65,B
2,81,13766.50,54,91.80,B
2,82,-49863.33,254,100.00,C
2,83,-8528.90,248,103.28,C
2,84,-3551.88,243,104.29,C
2,85,4353.04,89,99.38,C
2,86,-11611.92,252,102.02,C
2,87,-6743.46,246,103.80,C
2,88,-2001.97,234,105.10,C
2,89,614.50,185,105.24,C
2,90,-13989.02,253,101.57,C
2,91,29928.39,25,73.90,A
2,92,43981.24,22,70.61,A
2,93,45316.29,20,67.80,A
2,94,13770.84,53,91.37,B
2,95,11271.24,56,92.55,B
2,96,14002.67,51,90.49,B
2,97,7370.19,67,95.62,C
2,98,143.80,200,105.41,C
2,99,942.70,163,104.73,C
2,100,931.40,164,104.76,C
2,101,1725.14,135,103.65,C
2,102,793.71,168,104.87,C
2,103,166.00,197,105.39,C
2,105,1386.57,142,103.98,C
2,106,715.82,175,105.03,C
2,108,2236.25,123,102.93,C
2,109,3195.89,109,101.75,C
2,110,996.77,159,104.61,C
2,111,616.62,184,105.22,C
2,112,2682.76,117,102.48,C
2,113,720.19,174,105.01,C
2,114,9918.87,59,93.53,B
2,115,2939.05,113,102.13,C
2,116,1515.74,138,103.80,C
2,117,739.87,171,104.94,C
2,119,1933.20,128,103.25,C
2,120,48.01,205,105.42,C
2,121,1023.08,157,104.55,C
2,122,525.31,191,105.34,C
2,123,2578.10,118,102.57,C
2,126,4178.61,92,99.78,C
2,127,7192.56,68,95.84,C
2,131,4014.80,96,100.30,C
2,132,7492.23,66,95.38,C
2,133,1007.72,158,104.58,C
2,134,257.80,193,105.37,C
2,135,1593.65,137,103.75,C
2,136,2275.25,121,102.79,C
2,137,1046.98,156,104.51,C
2,138,1295.65,146,104.15,C
2,139,732.85,173,104.98,C
2,140,39.25,206,105.42,C
2,141,1430.08,141,103.94,C
2,142,954.63,162,104.70,C
2,143,193.69,195,105.38,C
2,144,1189.79,149,104.26,C
2,145,3036.35,112,102.04,C
2,146,2022.12,126,103.13,C
2,147,591.34,186,105.26,C
2,148,19.07,211,105.42,C
2,149,13.08,218,105.43,C
2,150,1162.14,152,104.37,C
2,151,637.84,183,105.20,C
2,152,677.94,178,105.10,C
2,153,1844.50,130,103.37,C
2,154,839.96,166,104.82,C
2,155,968.49,161,104.67,C
2,156,1212.76,148,104.23,C
2,157,581.13,187,105.27,C
2,158,-733.62,227,105.37,C
2,160,-3688.24,244,104.18,C
2,161,-2395.37,236,104.96,C
2,163,-3355.53,242,104.40,C
2,164,-838.78,228,105.34,C
2,166,-1641.20,233,105.17,C
2,169,-3092.05,241,104.51,C
2,170,-2965.12,240,104.61,C
2,171,-848.52,229,105.31,C
2,174,-930.31,230,105.28,C
2,175,-126.29,224,105.42,C
2,177,1137.98,155,104.48,C
2,178,807.52,167,104.84,C
2,179,136.55,201,105.41,C
2,181,1141.35,153,104.41,C
2,182,974.44,160,104.64,C
2,188,-365.33,225,105.41,C
2,190,-2005.79,235,105.04,C
2,191,253.80,194,105.37,C
2,192,647.13,182,105.18,C
2,193,763.59,170,104.91,C
2,194,21.15,208,105.42,C
2,196,164.20,199,105.40,C
2,197,97.29,202,105.41,C
2,198,164.82,198,105.40,C
2,199,1165.96,151,104.34,C
2,200,20.00,209,105.42,C
2,201,15.60,216,105.43,C
2,202,0.20,222,105.43,C
2,203,0.80,221,105.43,C
2,204,-95.49,223,105.43,C
2,205,16.00,213,105.43,C
2,207,2.20,219,105.43,C
2,208,1.60,220,105.43,C
2,209,-648.44,226,105.39,C
2,210,24.20,207,105.42,C
2,211,19.24,210,105.42,C
2,212,15.61,215,105.43,C
2,213,-1095.37,232,105.22,C
2,214,15.62,214,105.43,C
2,215,18.62,212,105.43,C
2,216,93.86,203,105.42,C
2,217,66.14,204,105.42,C
2,218,574.85,188,105.29,C
2,219,3768.80,99,100.67,C
2,220,4367.84,88,99.24,C
2,221,1348.50,143,104.02,C
2,222,171.84,196,105.39,C
2,223,656.97,181,105.16,C
2,225,666.75,179,105.12,C
2,226,782.54,169,104.89,C
2,227,1170.81,150,104.30,C
2,229,2084.36,124,103.00,C
2,230,2728.81,116,102.40,C
2,232,1808.91,132,103.48,C
2,233,3207.55,108,101.64,C
2,234,1316.02,145,104.11,C
2,235,14.65,217,105.43,C
2,236,3896.49,98,100.55,C
2,237,5221.39,79,97.88,C
2,238,2899.18,115,102.31,C
2,239,454.81,192,105.36,C
2,240,1802.03,133,103.54,C
2,241,2075.54,125,103.06,C
2,242,1609.48,136,103.70,C
2,243,-2929.43,239,104.70,C
2,244,-7821.92,247,103.55,C
2,245,-2551.73,237,104.88,C
2,246,-2862.86,238,104.79,C
2,247,1278.84,147,104.19,C
2,248,-5171.21,245,104.01,C
2,249,-9116.27,249,103.00,C
2,250,8289.21,63,94.65,B
2,251,4125.05,94,100.04,C
2,252,8127.86,64,94.91,B
2,253,888.53,165,104.79,C
2,254,1513.13,139,103.85,C
2,255,708.56,176,105.05,C
2,259,695.97,177,105.07,C
2,260,734.40,172,104.96,C
2,261,3063.73,111,101.94,C
2,262,660.82,180,105.14,C
2,263,3243.57,107,101.54,C
2,264,13911.43,52,90.93,B
2,265,9812.70,60,93.84,B
2,266,1752.30,134,103.59,C
2,267,24411.07,30,78.05,A
2,268,6668.59,69,96.05,C
2,269,4550.92,87,99.10,C
2,270,3526.87,103,101.12,C
2,271,3269.50,106,101.44,C
2,272,1984.97,127,103.19,C
2,273,5599.92,75,97.19,C
2,274,20455.12,37,82.82,B
2,275,21581.48,34,80.87,B
2,276,19838.29,39,84.08,B
2,277,12328.47,55,92.19,B
2,281,562.41,189,105.31,C
2,283,550.15,190,105.33,C
2,285,1324.71,144,104.06,C
2,286,1883.40,129,103.31,C
2,287,2237.77,122,102.86,C
2,288,2392.55,120,102.72,C
2,289,3285.02,105,101.34,C
2,290,5575.60,76,97.37,C
2,291,4754.47,85,98.81,C
2,292,6066.95,72,96.65,C
2,293,4911.88,83,98.51,C
2,294,3509.93,104,101.23,C
2,295,8384.02,62,94.39,B
3,1,13739.99,17,72.77,A
3,2,12414.00,22,77.44,A
3,3,16539.89,13,68.27,A
3,4,1186.55,122,111.21,C
3,5,-6354.14,257,106.80,C
3,6,9715.53,35,87.36,B
3,7,16526.25,14,69.48,A
3,8,10222.80,28,82.23,B
3,9,84066.97,6,43.13,A
3,10,94140.53,4,30.17,A
3,11,101252.99,3,23.27,A
3,12,105739.85,2,15.85,A
3,13,92747.49,5,36.96,A
3,14,110540.45,1,8.10,A
3,15,6166.27,49,95.54,C
3,16,6317.30,48,95.09,C
3,17,7136.39,46,94.14,B
3,18,6593.60,47,94.62,B
3,19,12418.16,21,76.53,A
3,20,9464.74,36,88.05,B
3,21,10208.53,29,82.98,B
3,22,8166.55,42,91.97,B
3,23,-1733.76,237,111.95,C
3,24,-2307.94,244,110.85,C
3,25,-1466.43,235,112.18,C
3,26,-1272.09,230,112.68,C
3,27,-549.03,218,113.49,C
3,28,3138.93,75,104.35,C
3,29,4709.73,60,100.09,C
3,30,3325.50,73,103.89,C
3,31,4561.77,63,101.11,C
3,32,3001.96,77,104.80,C
3,33,15393.95,16,71.77,A
3,34,23560.72,12,67.06,A
3,35,15769.53,15,70.64,A
3,36,7306.10,45,93.62,B
3,37,6046.33,53,97.33,C
3,38,9325.40,37,88.74,B
3,39,8911.53,40,90.73,B
3,40,6162.77,50,95.99,C
3,41,4677.56,62,100.78,C
3,42,13289.85,18,73.75,A
3,43,8772.57,41,91.37,B
3,44,10144.47,32,85.21,B
3,45,-6344.55,256,107.27,C
3,46,-6513.94,258,106.33,C
3,47,4356.97,65,101.76,C
3,48,596.60,156,113.20,C
3,49,-610.54,219,113.45,C
3,50,3236.35,74,104.12,C
3,51,12583.31,20,75.62,A
3,52,10188.09,31,84.47,B
3,53,1790.25,104,109.27,C
3,54,66877.83,7,48.03,A
3,55,51279.41,11,65.33,A
3,56,66853.46,8,52.93,A
3,57,57101.98,10,61.58,A
3,58,60933.58,9,57.39,A
3,59,-535.34,217,113.53,C
3,60,-277.57,209,113.76,C
3,61,-277.57,210,113.74,C
3,62,-386.64,214,113.64,C
3,63,-634.48,220,113.40,C
3,64,357.46,169,113.67,C
3,65,-3089.34,248,110.06,C
3,66,-2815.49,247,110.29,C
3,67,-11187.69,261,104.51,C
3,68,-759.03,222,113.29,C
3,69,-348.83,213,113.67,C
3,70,-1889.68,238,111.81,C
3,71,-1008.11,226,113.02,C
3,72,-161.61,206,113.81,C
3,73,-1013.96,227,112.95,C
3,74,-443.49,215,113.60,C
3,75,-3898.83,251,109.27,C
3,76,-870.25,224,113.16,C
3,77,-6984.14,260,105.33,C
3,78,-206.03,207,113.80,C
3,79,-28669.85,262,102.41,C
3,80,-4998.97,254,108.19,C
3,81,12931.18,19,74.70,A
3,82,-32848.63,263,100.00,C
3,83,-3657.63,250,109.55,C
3,84,-2293.50,243,111.02,C
3,85,-2252.63,241,111.35,C
3,86,-6651.79,259,105.84,C
3,87,-4896.24,253,108.56,C
3,88,-3298.22,249,109.82,C
3,89,-2278.61,242,111.19,C
3,90,-6264.21,255,107.74,C
3,91,9205.38,38,89.41,B
3,92,10753.09,26,80.69,B
3,93,11266.14,24,79.11,A
3,94,11503.61,23,78.28,A
3,95,3666.88,68,102.59,C
3,96,6095.60,52,96.89,C
3,97,-1359.66,233,112.39,C
3,98,50.33,185,113.83,C
3,99,699.91,143,112.58,C
3,100,1036.23,130,111.84,C
3,101,2325.74,87,106.67,C
3,102,1592.22,110,110.02,C
3,103,63.92,182,113.81,C
3,105,698.06,145,112.68,C
3,106,682.17,148,112.83,C
3,108,2027.84,98,108.43,C
3,109,2309.30,88,106.84,C
3,110,730.98,138,112.32,C
3,111,432.52,166,113.58,C
3,112,2080.55,96,108.13,C
3,113,520.15,162,113.44,C
3,114,7806.85,43,92.54,B
3,115,1798.26,103,109.13,C
3,116,1345.25,116,110.66,C
3,117,716.75,139,112.37,C
3,119,2541.80,82,105.81,C
3,120,128.03,174,113.76,C
3,121,1589.72,111,110.13,C
3,122,817.18,134,112.09,C
3,123,1997.45,100,108.72,C
3,125,4475.53,64,101.44,C
3,126,2232.12,92,107.51,C
3,127,5451.39,57,98.98,C
3,128,663.98,150,112.93,C
3,129,3651.98,69,102.86,C
3,131,2955.57,78,105.02,C
3,132,5202.59,59,99.75,C
3,133,2343.62,85,106.33,C
3,134,257.80,173,113.75,C
3,135,2296.76,89,107.01,C
3,136,3454.91,72,103.64,C
3,137,1073.27,127,111.61,C
3,138,1693.23,108,109.78,C
3,139,1047.08,129,111.76,C
3,140,39.25,188,113.83,C
3,141,1762.21,107,109.66,C
3,142,1065.34,128,111.69,C
3,143,41.50,187,113.83,C
3,144,1093.04,125,111.45,C
3,145,3639.38,70,103.13,C
3,146,2327.49,86,106.50,C
3,147,572.32,159,113.33,C
3,148,19.07,190,113.84,C
3,149,26.17,189,113.84,C
3,150,1208.78,121,111.12,C
3,151,524.23,161,113.40,C
3,152,668.31,149,112.88,C
3,153,1846.63,102,109.00,C
3,154,530.52,160,113.37,C
3,155,600.51,155,113.16,C
3,156,871.74,132,111.97,C
3,157,290.57,171,113.72,C
3,158,-214.79,208,113.78,C
3,160,-2529.37,246,110.49,C
3,161,-1118.76,228,112.87,C
3,163,-1277.85,231,112.59,C
3,164,-117.01,204,113.83,C
3,166,-1370.14,234,112.29,C
3,169,-1268.09,229,112.77,C
3,170,-1307.05,232,112.49,C
3,171,-48.66,203,113.84,C
3,174,-847.17,223,113.23,C
3,175,-140.15,205,113.82,C
3,177,509.08,163,113.48,C
3,178,416.59,168,113.64,C
3,179,91.04,176,113.78,C
3,181,964.28,131,111.91,C
3,182,699.39,144,112.63,C
3,184,80.87,179,113.80,C
3,188,-326.31,211,113.72,C
3,190,-2036.67,240,111.52,C
3,191,313.03,170,113.69,C
3,192,634.97,153,113.07,C
3,193,788.30,135,112.15,C
3,196,123.16,175,113.77,C
3,197,71.91,181,113.81,C
3,198,85.46,178,113.79,C
3,199,714.36,140,112.42,C
3,200,13.60,191,113.84,C
3,201,9.60,197,113.84,C
3,203,0.20,202,113.85,C
3,204,12.40,194,113.84,C
3,205,8.00,198,113.84,C
3,207,1.40,201,113.85,C
3,208,1.60,200,113.85,C
3,209,52.35,184,113.82,C
3,210,13.00,193,113.84,C
3,211,9.61,196,113.84,C
3,212,7.80,199,113.85,C
3,213,-334.16,212,113.69,C
3,214,10.21,195,113.84,C
3,215,13.21,192,113.84,C
3,216,62.58,183,113.82,C
3,217,45.11,186,113.83,C
3,218,766.49,136,112.21,C
3,219,4696.98,61,100.44,C
3,220,7350.49,44,93.08,B
3,221,1650.64,109,109.90,C
3,222,85.92,177,113.79,C
3,223,278.50,172,113.74,C
3,225,1099.19,124,111.37,C
3,226,1434.70,113,110.35,C
3,227,2107.49,95,107.98,C
3,229,1782.36,105,109.40,C
3,230,2111.00,94,107.82,C
3,232,1335.38,117,110.76,C
3,233,2277.80,90,107.18,C
3,234,1113.56,123,111.29,C
3,235,-487.65,216,113.57,C
3,236,1770.84,106,109.53,C
3,237,2568.91,81,105.62,C
3,238,1421.80,114,110.46,C
3,239,683.76,147,112.78,C
3,240,2048.74,97,108.28,C
3,241,2430.33,83,105.99,C
3,242,827.78,133,112.03,C
3,243,-1921.95,239,111.67,C
3,244,-4718.54,252,108.92,C
3,245,-1482.04,236,112.07,C
3,246,-756.03,221,113.34,C
3,247,695.34,146,112.73,C
3,248,-898.93,225,113.10,C
3,249,-2323.78,245,110.68,C
3,250,10208.17,30,83.72,B
3,251,5667.15,56,98.58,C
3,252,9841.99,33,85.93,B
3,253,708.57,141,112.47,C
3,254,1259.72,119,110.94,C
3,255,573.60,158,113.29,C
3,257,647.60,151,112.97,C
3,258,76.00,180,113.80,C
3,259,587.98,157,113.24,C
3,260,602.95,154,113.11,C
3,261,2797.26,80,105.43,C
3,262,646.76,152,113.02,C
3,263,2884.11,79,105.23,C
3,264,5219.12,58,99.37,C
3,265,3732.80,67,102.32,C
3,266,1272.00,118,110.85,C
3,267,10903.51,25,79.90,A
3,268,3583.18,71,103.39,C
3,269,2391.88,84,106.16,C
3,270,2207.49,93,107.67,C
3,271,1091.73,126,111.53,C
3,272,1217.82,120,111.03,C
3,273,5751.40,54,97.75,C
3,274,10720.88,27,81.48,B
3,275,9073.16,39,90.08,B
3,276,9736.12,34,86.65,B
3,277,5675.43,55,98.17,C
3,281,487.47,164,113.52,C
3,283,419.02,167,113.61,C
3,285,753.88,137,112.26,C
3,286,2014.73,99,108.58,C
3,287,704.29,142,112.52,C
3,288,487.24,165,113.55,C
3,289,2252.63,91,107.34,C
3,290,3961.19,66,102.05,C
3,291,6156.71,51,96.44,C
3,292,1385.56,115,110.56,C
3,293,1579.93,112,110.25,C
3,294,3081.49,76,104.58,C
3,295,1978.04,101,108.87,C
4,1,31244.50,35,83.15,B
4,2,29756.66,38,85.82,B
4,3,41659.35,23,71.08,A
4,4,31244.50,34,82.24,B
4,5,36922.34,27,75.55,A
4,6,32491.66,32,80.40,B
4,7,39876.16,24,72.24,A
4,8,50214.39,18,64.78,A
4,9,160828.25,1,4.68,A
4,10,147647.40,6,27.06,A
4,11,129671.38,10,43.38,A
4,12,145552.55,7,31.30,A
4,13,160748.80,2,9.36,A
4,14,143181.45,8,35.47,A
4,19,7343.91,59,94.56,B
4,20,8742.75,53,93.20,B
4,21,8043.33,55,93.67,B
4,22,11190.72,48,91.76,B
4,23,1591.60,105,99.37,C
4,24,1889.71,100,99.12,C
4,25,1088.63,114,99.72,C
4,26,1920.49,98,99.01,C
4,27,1533.91,107,99.46,C
4,28,1963.28,96,98.90,C
4,29,1040.46,115,99.75,C
4,30,2944.92,85,98.06,C
4,31,3219.74,82,97.80,C
4,32,2454.10,93,98.71,C
4,33,34634.88,28,76.56,A
4,34,38345.76,25,74.47,A
4,35,38345.76,25,73.36,A
4,36,42056.64,22,69.87,A
4,37,19830.34,44,89.87,B
4,38,18455.96,45,90.40,B
4,39,18259.62,46,90.93,B
4,40,20223.02,42,88.70,B
4,41,46228.13,19,66.12,A
4,42,56398.33,17,63.31,A
4,43,43454.44,20,67.39,A
4,44,109866.47,12,50.23,A
4,45,81501.65,16,61.67,A
4,46,102893.13,14,56.41,A
4,47,109571.45,13,53.42,A
4,48,99055.23,15,59.30,A
4,49,30839.21,37,84.95,B
4,50,32061.44,33,81.33,B
4,51,33643.82,29,77.54,A
4,52,32829.02,30,78.49,A
4,53,29042.26,39,86.67,B
4,54,156174.26,3,13.91,A
4,55,125220.80,11,47.03,A
4,56,153360.29,4,18.38,A
4,57,142104.49,9,39.61,A
4,58,150546.35,5,22.76,A
4,64,6271.82,64,95.55,C
4,65,2923.52,87,98.24,C
4,66,5293.78,67,96.04,C
4,67,7160.68,61,94.97,B
4,68,7496.25,57,94.12,B
4,69,4404.93,74,96.98,C
4,70,3091.31,84,97.98,C
4,71,5763.16,66,95.89,C
4,72,4449.53,73,96.86,C
4,73,4656.59,69,96.33,C
4,74,3516.09,77,97.31,C
4,75,7032.18,62,95.18,C
4,76,2770.94,90,98.48,C
4,77,-1570.22,187,100.00,C
4,78,3850.55,75,97.10,C
4,79,20070.00,43,89.29,B
4,80,25330.24,40,87.40,B
4,81,17228.20,47,91.44,B
4,82,9725.08,52,92.94,B
4,83,1584.91,106,99.42,C
4,84,1222.69,112,99.65,C
4,85,2935.77,86,98.15,C
4,86,-149.67,181,100.16,C
4,87,-327.73,182,100.15,C
4,88,-1011.22,185,100.09,C
4,89,1204.97,113,99.69,C
4,90,-819.33,184,100.11,C
4,91,43152.60,21,68.64,A
4,92,24437.62,41,88.12,B
4,93,32814.30,31,79.45,A
4,94,31141.65,36,84.06,B
4,95,7474.69,58,94.34,B
4,96,7224.90,60,94.77,B
4,97,5939.13,65,95.72,C
4,98,35.95,157,100.16,C
4,99,428.49,130,100.04,C
4,100,83.35,148,100.15,C
4,101,164.17,142,100.13,C
4,102,18.76,161,100.16,C
4,106,252.65,136,100.09,C
4,108,890.71,120,99.88,C
4,109,980.18,116,99.78,C
4,110,465.18,128,100.01,C
4,111,220.95,137,100.10,C
4,112,903.41,119,99.86,C
4,114,3474.76,79,97.51,C
4,115,1355.83,109,99.54,C
4,116,549.45,123,99.94,C
4,123,71.49,151,100.15,C
4,126,500.47,125,99.97,C
4,127,636.44,121,99.90,C
4,131,212.14,138,100.10,C
4,132,500.46,126,99.98,C
4,137,157.05,143,100.13,C
4,138,78.50,150,100.15,C
4,139,13.08,164,100.16,C
4,141,152.19,144,100.13,C
4,142,55.33,152,100.15,C
4,144,96.84,147,100.14,C
4,145,267.07,135,100.08,C
4,146,209.84,139,100.11,C
4,147,38.15,156,100.16,C
4,150,110.67,145,100.14,C
4,151,44.20,155,100.16,C
4,152,19.37,160,100.16,C
4,153,202.13,140,100.12,C
4,157,176.85,141,100.12,C
4,160,-4.04,179,100.17,C
4,191,8.46,165,100.16,C
4,192,79.36,149,100.15,C
4,193,49.26,153,100.16,C
4,197,46.53,154,100.16,C
4,198,30.51,158,100.16,C
4,199,377.71,132,100.06,C
4,200,5.40,166,100.16,C
4,201,3.20,170,100.17,C
4,202,0.60,175,100.17,C
4,203,0.40,176,100.17,C
4,204,3.60,169,100.16,C
4,205,2.60,172,100.17,C
4,207,0.20,177,100.17,C
4,208,0.20,177,100.17,C
4,209,13.82,162,100.16,C
4,210,5.40,167,100.16,C
4,211,1.20,174,100.17,C
4,212,2.40,173,100.17,C
4,213,-343.37,183,100.14,C
4,214,3.00,171,100.17,C
4,215,3.60,168,100.16,C
4,216,30.07,159,100.16,C
4,217,13.22,163,100.16,C
4,235,543.81,124,99.95,C
4,236,1919.20,99,99.07,C
4,237,2309.44,95,98.84,C
4,238,1375.44,108,99.50,C
4,242,459.84,129,100.02,C
4,243,-95.76,180,100.16,C
4,244,-1358.96,186,100.05,C
4,245,487.35,127,100.00,C
4,246,933.59,118,99.83,C
4,247,1837.77,101,99.18,C
4,248,102.45,146,100.14,C
4,249,384.09,131,100.05,C
4,250,2320.64,94,98.78,C
4,251,2785.67,89,98.40,C
4,252,3475.63,78,97.41,C
4,259,286.94,134,100.08,C
4,260,343.23,133,100.07,C
4,264,4533.07,70,96.47,C
4,265,3122.66,83,97.89,C
4,266,1749.00,102,99.23,C
4,267,8398.46,54,93.44,B
4,268,6469.67,63,95.37,C
4,269,2610.35,92,98.64,C
4,270,1700.92,103,99.28,C
4,271,2864.44,88,98.32,C
4,272,1287.34,110,99.58,C
4,273,4471.78,71,96.60,C
4,274,10250.01,50,92.37,B
4,275,10548.21,49,92.07,B
4,276,9941.56,51,92.66,B
4,277,7956.60,56,93.91,B
4,285,959.69,117,99.80,C
4,286,1605.51,104,99.32,C
4,287,1276.25,111,99.62,C
4,288,609.06,122,99.92,C
4,289,3316.38,81,97.70,C
4,290,3717.13,76,97.20,C
4,291,5258.40,68,96.20,C
4,292,2744.28,91,98.56,C
4,293,4458.38,72,96.73,C
4,294,3407.99,80,97.61,C
4,295,1941.75,97,98.96,C
5,1,13412.19,6,-19.05,A
5,2,7701.19,23,-48.63,A
5,3,1326.90,88,-89.91,A
5,4,7671.30,26,-52.73,A
5,5,6694.18,30,-57.79,A
5,6,1063.35,102,-92.92,A
5,7,9310.83,16,-38.22,A
5,8,3185.21,55,-77.32,A
5,9,24756.23,1,-4.41,A
5,10,10262.07,11,-29.47,A
5,11,14728.77,5,-16.66,A
5,12,22225.78,2,-8.37,A
5,13,15420.39,4,-14.04,A
5,14,13081.85,7,-21.38,A
5,15,8891.92,17,-39.81,A
5,16,10081.33,12,-31.27,A
5,17,9961.15,13,-33.05,A
5,18,11745.28,9,-25.63,A
5,19,3939.97,45,-71.17,A
5,20,5029.76,39,-66.67,A
5,21,3074.14,56,-77.87,A
5,22,3211.43,53,-76.18,A
5,23,-719.18,176,-95.89,C
5,24,-1065.36,177,-95.70,C
5,25,-176.81,172,-96.30,C
5,26,-2919.54,197,-89.02,C
5,27,-2446.30,193,-90.99,C
5,28,1970.67,74,-85.85,A
5,29,3764.92,47,-72.53,A
5,30,2294.20,67,-83.21,A
5,31,2588.36,65,-82.36,A
5,32,1911.85,77,-86.88,A
5,33,-24143.88,246,-10.40,C
5,34,-13621.39,239,-35.69,C
5,35,-6005.77,214,-75.84,C
5,36,-33324.25,253,25.66,C
5,37,-3321.65,201,-86.83,C
5,38,-1847.51,189,-92.64,C
5,39,-8557.74,226,-60.66,C
5,40,-5918.33,213,-76.91,C
5,41,-12507.81,237,-40.53,C
5,42,-9921.79,232,-50.83,C
5,43,-8760.73,228,-57.57,C
5,44,-39357.28,255,39.58,C
5,45,-82706.77,261,100.00,C
5,46,-66781.37,260,85.26,C
5,47,-49992.38,258,63.09,C
5,48,-40818.28,256,46.85,C
5,49,-38734.38,254,32.56,C
5,50,-32994.07,252,19.72,C
5,51,-25556.02,248,-1.41,C
5,52,-19157.68,242,-26.63,C
5,53,-41134.66,257,54.18,C
5,54,-2530.43,194,-90.54,C
5,55,-1605.84,186,-93.59,C
5,56,-1313.87,183,-94.38,C
5,57,-1824.83,188,-92.97,C
5,58,-3333.38,202,-86.23,C
5,59,-3021.43,200,-87.42,C
5,60,-1338.32,184,-94.14,C
5,61,-1259.04,181,-94.84,C
5,62,-525.36,174,-96.11,C
5,63,-2349.56,192,-91.43,C
5,64,-6267.52,216,-73.62,C
5,65,-30578.76,251,13.84,C
5,66,-24882.60,247,-5.96,C
5,67,-57585.48,259,73.36,C
5,68,-23465.79,245,-14.70,C
5,69,-12498.11,236,-42.76,C
5,70,-22675.83,244,-18.88,C
5,71,-13527.73,238,-38.12,C
5,72,-6839.75,221,-67.75,C
5,73,-12430.06,235,-44.98,C
5,74,-7428.81,222,-66.43,C
5,75,-28286.99,250,8.39,C
5,76,-2127.64,190,-92.26,C
5,77,-6400.16,217,-72.48,C
5,78,-2991.36,199,-87.96,C
5,79,-26663.34,249,3.35,C
5,80,-15671.85,240,-32.90,C
5,81,-10276.22,234,-47.20,C
5,82,-20813.74,243,-22.92,C
5,83,-4545.06,207,-82.69,C
5,84,-4432.82,206,-83.50,C
5,85,-1158.89,178,-95.50,C
5,86,-6624.66,219,-70.15,C
5,87,-5449.69,210,-80.02,C
5,88,-3594.58,203,-85.59,C
5,89,-2756.34,195,-90.05,C
5,90,-5689.07,211,-79.00,C
5,91,-4634.53,208,-81.86,C
5,92,-2959.96,198,-88.49,C
5,93,-2317.25,191,-91.84,C
5,94,-9064.07,229,-55.95,C
5,95,-1259.52,182,-94.61,C
5,96,-524.80,173,-96.21,C
5,97,-3673.62,205,-84.29,C
5,98,71.90,140,-96.23,A
5,99,371.32,126,-95.81,A
5,100,737.47,114,-94.77,A
5,101,2750.42,62,-80.96,A
5,102,2476.15,66,-82.81,A
5,103,401.58,124,-95.68,A
5,105,3410.56,49,-73.80,A
5,106,404.18,123,-95.61,A
5,108,1572.92,82,-88.37,A
5,109,2122.68,71,-84.78,A
5,110,764.19,113,-94.64,A
5,111,375.55,125,-95.75,A
5,112,1998.35,73,-85.50,A
5,113,560.15,117,-95.11,A
5,114,5306.85,37,-64.84,A
5,115,1241.57,95,-91.49,A
5,116,1042.05,103,-93.10,A
5,117,531.76,118,-95.20,A
5,119,2613.40,64,-81.90,A
5,120,117.35,133,-96.12,A
5,121,1244.61,94,-91.27,A
5,122,817.14,110,-94.22,A
5,123,2657.36,63,-81.44,A
5,125,7272.71,28,-55.34,A
5,126,1303.86,89,-90.14,A
5,127,5339.62,34,-62.00,A
5,128,774.65,112,-94.50,A
5,129,5311.97,36,-63.90,A
5,131,2236.28,69,-84.02,A
5,132,5412.12,33,-61.05,A
5,133,3398.20,50,-74.41,A
5,134,187.47,131,-96.07,A
5,135,3726.34,48,-73.19,A
5,136,6234.07,32,-60.08,A
5,137,1295.68,90,-90.37,A
5,138,1963.24,75,-86.20,A
5,139,1177.92,97,-91.92,A
5,140,52.33,144,-96.27,A
5,141,1745.46,79,-87.52,A
5,142,1259.01,93,-91.05,A
5,143,96.83,136,-96.17,A
5,144,1203.64,96,-91.71,A
5,145,4006.31,43,-69.76,A
5,146,3185.95,54,-76.75,A
5,147,1106.45,101,-92.73,A
5,148,76.31,138,-96.20,A
5,149,52.34,143,-96.26,A
5,150,1383.51,86,-89.43,A
5,151,656.82,116,-95.01,A
5,152,823.22,109,-94.07,A
5,153,2135.10,70,-84.40,A
5,154,1597.88,80,-87.81,A
5,155,1917.67,76,-86.54,A
5,156,2829.95,61,-80.47,A
5,157,454.78,121,-95.46,A
5,158,-1670.23,187,-93.29,C
5,160,-9765.52,231,-52.59,C
5,161,-5792.40,212,-77.97,C
5,163,-7462.31,223,-65.10,C
5,164,-1228.97,180,-95.06,C
5,166,-6185.71,215,-74.74,C
5,169,-9085.34,230,-54.33,C
5,170,-10064.10,233,-49.03,C
5,171,-1492.41,185,-93.87,C
5,174,-4897.78,209,-80.99,C
5,175,-527.02,175,-96.02,C
5,177,2913.03,59,-79.46,A
5,178,1860.41,78,-87.21,A
5,179,460.73,120,-95.38,A
5,181,3056.49,57,-78.41,A
5,182,2034.76,72,-85.14,A
5,184,347.25,127,-95.88,A
5,185,195.04,130,-96.03,A
5,188,-1205.61,179,-95.28,C
5,190,-8252.17,225,-62.18,C
5,191,341.67,129,-96.00,A
5,192,525.00,119,-95.30,A
5,193,927.83,106,-93.63,A
5,194,8.46,158,-96.32,A
5,196,344.86,128,-95.94,A
5,197,54.99,142,-96.25,A
5,198,85.45,137,-96.19,A
5,199,435.15,122,-95.54,A
5,200,6.80,161,-96.33,A
5,201,4.00,167,-96.33,A
5,203,1.20,170,-96.33,A
5,204,7.80,160,-96.33,A
5,205,6.20,162,-96.33,A
5,207,1.80,169,-96.33,A
5,208,0.20,171,-96.33,A
5,209,28.82,148,-96.29,A
5,210,8.40,159,-96.32,A
5,211,6.00,163,-96.33,A
5,212,4.20,166,-96.33,A
5,213,32.43,146,-96.28,A
5,214,15.02,155,-96.32,A
5,215,9.61,157,-96.32,A
5,216,43.88,145,-96.27,A
5,217,29.43,147,-96.28,A
5,218,1560.34,83,-88.65,A
5,219,7363.71,27,-54.05,A
5,220,11280.92,10,-27.65,A
5,221,5215.32,38,-65.77,A
5,222,816.24,111,-94.36,A
5,223,1281.10,91,-90.60,A
5,225,1591.86,81,-88.09,A
5,226,3391.11,51,-75.01,A
5,227,3371.94,52,-75.61,A
5,229,7672.02,25,-51.37,A
5,230,9937.26,14,-34.82,A
5,232,4201.25,41,-68.30,A
5,233,7679.18,24,-50.00,A
5,234,2834.54,60,-79.97,A
5,235,-2844.01,196,-89.54,C
5,236,2280.84,68,-83.62,A
5,237,3870.96,46,-71.86,A
5,238,1148.18,99,-92.33,A
5,239,1011.32,104,-93.28,A
5,240,4185.50,42,-69.05,A
5,241,4964.48,40,-67.55,A
5,242,22.98,152,-96.31,A
5,243,-8095.05,224,-63.65,C
5,244,-15988.66,241,-30.05,C
5,245,-6464.42,218,-71.33,C
5,246,-3663.54,204,-84.94,C
5,247,12.41,156,-96.32,A
5,248,-6630.64,220,-68.97,C
5,249,-8568.38,227,-59.13,C
5,250,9804.44,15,-36.57,A
5,251,2989.40,58,-78.94,A
5,252,8856.91,18,-41.39,A
5,253,1540.90,84,-88.93,A
5,254,3945.76,44,-70.46,A
5,255,1169.66,98,-92.13,A
5,257,869.47,107,-93.78,A
5,258,73.66,139,-96.21,A
5,259,824.45,108,-93.93,A
5,260,1451.42,85,-89.18,A
5,261,8278.87,21,-45.87,A
5,262,1265.40,92,-90.83,A
5,263,8297.42,20,-44.39,A
5,264,12108.29,8,-23.54,A
5,265,6656.75,31,-58.97,A
5,266,108.20,134,-96.13,A
5,267,16351.71,3,-11.29,A
5,269,680.26,115,-94.89,A
5,270,25.00,150,-96.30,A
5,271,5.62,164,-96.33,A
5,272,984.29,105,-93.46,A
5,273,68.76,141,-96.24,A
5,274,8558.02,19,-42.91,A
5,275,7013.15,29,-56.59,A
5,276,7805.24,22,-47.26,A
5,277,5324.92,35,-62.95,A
5,281,1359.15,87,-89.67,A
5,283,1124.28,100,-92.53,A
5,285,104.22,135,-96.15,A
5,286,24.96,151,-96.30,A
5,287,4.98,165,-96.33,A
5,288,3.12,168,-96.33,A
5,290,18.77,154,-96.31,A
5,291,153.37,132,-96.09,A
5,292,26.90,149,-96.29,A
5,294,20.40,153,-96.31,A
6,1,-13909.06,249,176.32,C
6,2,-5832.73,234,212.62,C
6,3,-3415.34,216,235.49,C
6,4,-7076.80,239,204.26,C
6,5,-424.30,193,244.63,C
6,6,5054.01,44,191.55,C
6,7,-4415.56,221,230.20,C
6,8,70.49,170,244.84,C
6,9,49866.78,3,47.33,A
6,10,38160.13,9,111.41,C
6,11,42353.50,7,91.39,B
6,12,64777.89,2,34.71,A
6,13,72388.26,1,18.32,A
6,14,44298.48,5,69.79,A
6,15,6690.37,27,166.35,C
6,16,6789.48,25,162.94,C
6,17,7285.05,22,157.71,C
6,18,6244.31,32,174.40,C
6,19,4222.76,50,198.25,C
6,20,6067.06,35,179.04,C
6,21,4277.81,48,196.11,C
6,22,6194.06,33,175.97,C
6,23,1254.15,114,235.64,C
6,24,1399.41,109,233.97,C
6,25,313.62,159,244.35,C
6,26,-664.40,194,244.46,C
6,27,-225.82,190,244.87,C
6,28,2275.83,79,220.29,C
6,29,2785.96,68,213.25,C
6,30,2687.63,71,215.33,C
6,31,3167.48,61,208.04,C
6,32,2452.30,75,217.89,C
6,33,-13533.55,248,179.84,C
6,34,-935.02,200,243.25,C
6,35,3089.69,62,208.82,C
6,36,-7849.54,243,196.54,C
6,37,2413.30,77,219.12,C
6,38,2767.75,69,213.95,C
6,39,-4144.27,219,232.40,C
6,40,691.84,140,242.06,C
6,41,2068.06,87,224.73,C
6,42,5607.98,39,184.85,C
6,43,2040.69,90,226.29,C
6,44,-17153.08,253,161.26,C
6,45,-41446.77,262,100.00,C
6,46,-26695.94,260,119.91,C
6,47,-23177.68,257,139.44,C
6,48,-14058.00,250,172.76,C
6,49,-20326.45,254,156.12,C
6,50,-13088.17,245,189.95,C
6,51,-4705.64,224,226.70,C
6,52,-740.32,197,243.92,C
6,53,-20866.22,255,150.84,C
6,54,40943.97,8,101.75,C
6,55,33329.40,10,119.84,C
6,56,43007.89,6,80.67,B
6,57,44487.88,4,58.58,A
6,58,29162.89,11,127.22,C
6,59,-3000.50,214,237.13,C
6,60,-981.48,202,242.75,C
6,61,-991.40,203,242.50,C
6,62,-228.00,191,244.81,C
6,63,-3065.80,215,236.35,C
6,64,-1561.62,208,240.80,C
6,65,-21854.00,256,145.31,C
6,66,-12960.27,244,193.26,C
6,67,-37244.77,261,110.49,C
6,68,-14225.68,252,165.60,C
6,69,-7425.13,240,202.38,C
6,70,-14063.94,251,169.20,C
6,71,-5911.21,235,211.13,C
6,72,-2719.34,212,238.61,C
6,73,-5707.62,232,215.57,C
6,74,-2862.38,213,237.89,C
6,75,-24137.71,258,133.34,C
6,76,-1541.02,207,241.19,C
6,77,-5622.22,230,218.45,C
6,78,475.24,150,243.47,C
6,79,-13140.99,246,186.62,C
6,80,-6803.18,237,207.79,C
6,81,6780.27,26,164.66,C
6,82,-26360.18,259,126.67,C
6,83,-7425.96,241,200.50,C
6,84,-825.48,198,243.71,C
6,85,-727.62,196,244.11,C
6,86,-5664.82,231,217.02,C
6,87,-6370.94,236,209.51,C
6,88,-1975.03,210,239.82,C
6,89,-979.21,201,243.00,C
6,90,-5165.52,225,225.40,C
6,91,6269.15,30,171.24,C
6,92,8714.23,20,153.76,C
6,93,4743.35,45,192.75,C
6,94,3664.80,53,201.21,C
6,95,2930.22,65,211.08,C
6,96,5122.72,43,190.27,C
6,97,475.24,151,243.59,C
6,98,50.33,171,244.86,C
6,99,314.24,158,244.27,C
6,100,956.68,129,239.74,C
6,101,2273.72,80,220.87,C
6,102,1340.70,111,234.66,C
6,103,171.65,165,244.73,C
6,105,1733.87,93,227.71,C
6,106,538.99,147,243.09,C
6,108,1554.03,101,231.00,C
6,109,2056.31,88,225.25,C
6,110,564.85,143,242.53,C
6,111,296.73,162,244.57,C
6,112,1615.15,98,229.80,C
6,113,360.10,155,244.01,C
6,114,5885.90,36,180.53,C
6,115,1854.43,92,227.27,C
6,116,1004.20,124,238.51,C
6,117,901.73,133,240.69,C
6,119,3365.20,58,205.60,C
6,120,74.69,169,244.83,C
6,121,2419.74,76,218.51,C
6,122,1050.66,123,238.25,C
6,123,1621.74,97,229.39,C
6,125,3020.95,63,209.59,C
6,126,3398.38,56,203.89,C
6,127,5615.23,38,183.43,C
6,128,442.64,152,243.70,C
6,129,2987.99,64,210.34,C
6,131,2550.38,73,216.65,C
6,132,5535.16,40,186.25,C
6,133,2203.00,82,222.00,C
6,134,421.85,154,243.91,C
6,135,2929.53,66,211.82,C
6,136,4658.55,46,193.93,C
6,137,981.63,126,239.01,C
6,138,1452.84,107,233.26,C
6,139,1151.79,119,237.17,C
6,141,1609.39,99,230.21,C
6,142,968.49,128,239.50,C
6,143,96.84,167,244.79,C
6,144,1079.17,120,237.44,C
6,145,2838.10,67,212.54,C
6,146,2155.80,86,224.20,C
6,147,705.85,139,241.89,C
6,150,996.16,125,238.76,C
6,151,549.48,146,242.96,C
6,152,561.74,144,242.67,C
6,153,2055.65,89,225.77,C
6,154,1073.73,121,237.72,C
6,155,1239.76,115,235.96,C
6,156,1541.34,102,231.39,C
6,157,252.67,163,244.64,C
6,158,-1179.71,205,241.93,C
6,160,-7812.76,242,198.52,C
6,161,-4276.49,220,231.32,C
6,163,-5336.41,226,224.05,C
6,164,-1092.50,204,242.22,C
6,166,-4568.31,223,227.89,C
6,169,-5472.51,227,222.66,C
6,170,-5518.18,229,219.87,C
6,171,-673.10,195,244.29,C
6,174,-4021.54,217,234.47,C
6,175,-287.25,192,244.74,C
6,177,2199.42,83,222.56,C
6,178,1676.10,95,228.56,C
6,179,357.74,156,244.10,C
6,181,1505.51,103,231.77,C
6,182,1219.94,116,236.27,C
6,184,299.75,161,244.50,C
6,185,147.48,166,244.76,C
6,188,-896.99,199,243.48,C
6,190,-5494.61,228,221.27,C
6,191,304.58,160,244.42,C
6,192,762.63,137,241.52,C
6,193,944.31,131,240.22,C
6,194,12.69,178,244.91,C
6,196,180.63,164,244.68,C
6,197,29.61,175,244.89,C
6,198,79.35,168,244.81,C
6,199,426.98,153,243.81,C
6,200,11.00,179,244.91,C
6,201,4.20,186,244.92,C
6,203,0.40,188,244.92,C
6,204,7.60,182,244.92,C
6,205,5.80,185,244.92,C
6,207,0.40,188,244.92,C
6,208,0.60,187,244.92,C
6,209,24.66,176,244.90,C
6,210,7.20,183,244.92,C
6,211,7.20,184,244.92,C
6,212,10.22,180,244.91,C
6,213,37.89,173,244.88,C
6,214,10.22,180,244.92,C
6,215,16.24,177,244.90,C
6,216,36.68,174,244.89,C
6,217,-1361.33,206,241.58,C
6,218,944.45,130,239.98,C
6,219,6649.63,28,168.03,C
6,220,8826.24,19,151.56,C
6,221,2686.68,72,216.01,C
6,222,558.48,145,242.82,C
6,223,1336.81,112,235.00,C
6,225,1070.74,122,237.99,C
6,226,1467.31,105,232.52,C
6,227,1592.32,100,230.61,C
6,229,4184.74,51,199.31,C
6,230,5251.86,42,188.97,C
6,232,3610.79,54,202.12,C
6,233,6396.88,29,169.65,C
6,234,2463.43,74,217.27,C
6,235,-2037.79,211,239.30,C
6,236,3298.06,59,206.43,C
6,237,4349.49,47,195.03,C
6,238,2188.16,84,223.11,C
6,239,883.21,134,240.91,C
6,240,2760.75,70,214.65,C
6,241,3822.39,52,200.28,C
6,242,942.77,132,240.46,C
6,243,-5831.46,233,214.10,C
6,244,-13271.83,247,183.26,C
6,245,-4557.94,222,229.05,C
6,246,-1897.86,209,240.32,C
6,247,496.64,149,243.35,C
6,248,-4031.91,218,233.45,C
6,249,-6896.37,238,206.05,C
6,250,10677.59,17,146.80,C
6,251,5862.98,37,182.01,C
6,252,11686.02,16,144.09,C
6,253,1688.80,94,228.13,C
6,254,3384.87,57,204.75,C
6,255,1214.74,117,236.57,C
6,257,354.41,157,244.19,C
6,258,41.44,172,244.87,C
6,259,631.25,142,242.39,C
6,260,857.28,135,241.13,C
6,261,6255.35,31,172.82,C
6,262,1406.01,108,233.62,C
6,263,6880.88,24,161.22,C
6,264,9984.01,18,149.32,C
6,265,7004.47,23,159.48,C
6,266,1213.45,118,236.88,C
6,267,17916.93,12,131.75,C
6,268,3185.04,60,207.24,C
6,269,2370.68,78,219.72,C
6,270,2263.77,81,221.44,C
6,271,652.75,141,242.23,C
6,272,1502.40,104,232.15,C
6,273,5503.71,41,187.65,C
6,274,12265.33,14,138.07,C
6,275,12122.09,15,141.14,C
6,276,12695.31,13,134.97,C
6,277,8326.08,21,155.87,C
6,281,1291.76,113,235.33,C
6,283,974.99,127,239.25,C
6,285,793.59,136,241.33,C
6,286,2027.22,91,226.80,C
6,287,756.75,138,241.71,C
6,288,515.34,148,243.22,C
6,289,2174.42,85,223.66,C
6,290,4242.79,49,197.18,C
6,291,6069.07,34,177.50,C
6,292,1385.55,110,234.32,C
6,293,1454.79,106,232.89,C
6,294,3591.66,55,203.03,C
6,295,1669.53,96,228.98,C
